{"stats":{"minecraft:picked_up":{"minecraft:crafting_table":3,"minecraft:wheat":1,"minecraft:cooked_beef":1,"minecraft:suspicious_stew":1,"minecraft:leather":2,"minecraft:brown_mushroom":2,"minecraft:diamond_sword":1,"minecraft:cooked_rabbit":3,"minecraft:mushroom_stew":1,"minecraft:stone_brick_stairs":6,"minecraft:oak_log":10,"minecraft:gunpowder":1,"solo_leveling:magic_crystal":10,"minecraft:dirt":1,"minecraft:lantern":1,"minecraft:cooked_mutton":3,"minecraft:bone":1,"minecraft:apple":6,"minecraft:stone_bricks":2,"minecraft:cracked_stone_bricks":1,"minecraft:bow":2,"minecraft:candle":3,"minecraft:beef":1,"minecraft:iron_ingot":10,"minecraft:stone_pickaxe":1,"minecraft:cooked_chicken":1,"minecraft:fletching_table":1,"minecraft:light_gray_wool":1,"minecraft:oak_planks":16,"minecraft:furnace":1,"minecraft:stick":1,"minecraft:dark_oak_slab":1,"minecraft:cooked_porkchop":3,"minecraft:sweet_berries":23,"minecraft:torch":1,"minecraft:bowl":1,"minecraft:red_wool":2,"minecraft:green_bed":1,"minecraft:spruce_fence":1,"minecraft:porkchop":1,"minecraft:spruce_sapling":4,"tombstone:grave_dust":2,"minecraft:carrot":3,"minecraft:spruce_log":14,"minecraft:barrel":2,"minecraft:leather_helmet":1,"minecraft:bundle":1,"minecraft:arrow":7,"minecraft:rotten_flesh":15,"solo_leveling:battle_axe":1,"minecraft:stone_axe":1,"solo_leveling:magic_crystalll":38,"ars_nouveau:worn_notebook":2,"minecraft:hay_block":4,"solo_leveling:rasaka_venom":1,"sophisticatedbackpacks:copper_backpack":1,"minecraft:baked_potato":4,"minecraft:oak_sapling":3,"minecraft:damaged_anvil":1,"minecraft:mutton":9,"minecraft:white_wool":6,"minecraft:cobblestone":26},"minecraft:mined":{"minecraft:candle":1,"minecraft:crafting_table":3,"minecraft:grass_block":1,"minecraft:spruce_fence":1,"minecraft:spruce_leaves":28,"minecraft:oak_planks":1,"minecraft:damaged_anvil":1,"minecraft:spawner":7,"minecraft:large_fern":1,"minecraft:hay_block":4,"minecraft:tall_seagrass":1,"minecraft:dark_oak_slab":1,"minecraft:furnace":1,"minecraft:fire":1,"minecraft:barrel":2,"minecraft:sweet_berry_bush":9,"minecraft:spruce_log":16,"minecraft:fletching_table":1,"minecraft:grass":2,"minecraft:mossy_stone_brick_stairs":1,"minecraft:oak_log":10,"solo_leveling:magic_crystal":14,"minecraft:stone_bricks":2,"minecraft:stone":16,"minecraft:oak_leaves":4,"minecraft:green_bed":1},"minecraft:crafted":{"minecraft:oak_planks":40,"minecraft:crafting_table":1,"minecraft:wooden_pickaxe":1,"minecraft:stone_axe":1,"minecraft:flint_and_steel":1,"minecraft:bow":1,"minecraft:stick":12,"minecraft:stone_pickaxe":2},"minecraft:dropped":{"minecraft:bowl":1,"minecraft:cooked_porkchop":3,"minecraft:rotten_flesh":17,"minecraft:light_gray_wool":1,"minecraft:leather_helmet":1,"minecraft:suspicious_stew":1,"ars_nouveau:worn_notebook":2,"solo_leveling:battle_axe":1,"minecraft:bundle":1,"minecraft:oak_sapling":3,"tombstone:grave_dust":3,"minecraft:stone_bricks":2,"minecraft:stone_pickaxe":2,"minecraft:wooden_pickaxe":1,"minecraft:cooked_rabbit":3},"minecraft:custom":{"minecraft:interact_with_furnace":1,"minecraft:mob_kills":85,"minecraft:interact_with_crafting_table":5,"minecraft:open_barrel":31,"minecraft:bell_ring":16,"minecraft:leave_game":2,"minecraft:time_since_death":22404,"minecraft:climb_one_cm":5323,"minecraft:time_since_rest":22117,"minecraft:sprint_one_cm":165064,"minecraft:walk_one_cm":176728,"minecraft:drop":21,"minecraft:damage_dealt":10104,"minecraft:player_kills":4,"minecraft:swim_one_cm":12639,"minecraft:fly_one_cm":310802,"minecraft:open_chest":28,"minecraft:crouch_one_cm":1574,"minecraft:play_time":68361,"tombstone:undead_killed":21,"minecraft:deaths":13,"minecraft:sneak_time":744,"minecraft:walk_under_water_one_cm":2537,"minecraft:jump":1573,"minecraft:walk_on_water_one_cm":4441,"minecraft:total_world_time":68361,"minecraft:fall_one_cm":30487},"minecraft:killed_by":{"minecraft:player":3,"solo_leveling:goblin":2,"solo_leveling:goblin_2":1,"minecraft:skeleton":4,"minecraft:spider":1,"minecraft:zombie":2},"minecraft:used":{"minecraft:cooked_mutton":3,"minecraft:water_bucket":6,"minecraft:leather_leggings":1,"minecraft:flint_and_steel":5,"solo_leveling:battle_axe":10,"minecraft:stone_pickaxe":26,"minecraft:baked_potato":4,"minecraft:wooden_pickaxe":16,"minecraft:leather_boots":1,"minecraft:cooked_chicken":1,"minecraft:torch":1,"minecraft:iron_chestplate":1,"minecraft:dirt":1,"minecraft:crafting_table":2,"minecraft:mushroom_stew":1,"minecraft:carrot":6,"minecraft:apple":1,"solo_leveling:rasaka_venom":6,"minecraft:bread":1,"minecraft:iron_helmet":1,"minecraft:dark_oak_slab":1,"minecraft:stone_axe":70,"minecraft:diamond_sword":123,"minecraft:sweet_berries":1,"minecraft:hay_block":3,"minecraft:cooked_porkchop":16,"minecraft:bucket":7,"tombstone:gift":2,"minecraft:cooked_beef":1,"minecraft:candle":3,"minecraft:experience_bottle":2},"minecraft:killed":{"minecraft:pig":1,"ars_nouveau:starbuncle":1,"minecraft:spider":5,"solo_leveling:goblin_2":20,"enemyexpansion:sprinter":1,"minecraft:creeper":1,"minecraft:sheep":7,"minecraft:skeleton":4,"minecraft:zombie":16,"enemyexpansion:botfly":1,"solo_leveling:goblin":22,"minecraft:cow":1}},"DataVersion":3465}