{"stats":{"minecraft:killed":{"solo_leveling:hobgoblin_club":3,"minecraft:spider":7,"minecraft:vindicator":2,"enemyexpansion:direwolf":1,"minecraft:skeleton":10,"solo_leveling:hobgoblin_assassin":2,"minecraft:drowned":2,"solo_leveling:hobgoblin_bomber":1,"enemyexpansion:goblin":1,"solo_leveling:giga_goblin":2,"minecraft:husk":9,"minecraft:pig":1,"ars_nouveau:starbuncle":1,"solo_leveling:goblin_2":38,"enemyexpansion:sprinter":3,"minecraft:creeper":2,"minecraft:sheep":7,"minecraft:pillager":8,"minecraft:zombie":28,"ars_nouveau:whirlisprig":1,"enemyexpansion:huntsman":1,"enemyexpansion:botfly":2,"solo_leveling:goblin":34,"minecraft:cow":3},"minecraft:used":{"minecraft:flint_and_steel":5,"solo_leveling:battle_axe":10,"minecraft:cooked_chicken":1,"minecraft:iron_chestplate":1,"minecraft:torch":1,"minecraft:dirt":3,"minecraft:carrot":21,"minecraft:diamond_helmet":1,"minecraft:iron_axe":30,"create:black_seat":1,"solo_leveling:rasaka_venom":6,"minecraft:iron_helmet":1,"minecraft:dark_oak_slab":1,"minecraft:iron_boots":2,"supplementaries:bomb_blue":1,"minecraft:sweet_berries":4,"minecraft:written_book":1,"minecraft:hay_block":3,"tombstone:gift":2,"minecraft:cooked_beef":1,"minecraft:cooked_mutton":3,"minecraft:water_bucket":14,"minecraft:leather_leggings":1,"minecraft:stone_pickaxe":28,"minecraft:baked_potato":4,"minecraft:wooden_pickaxe":16,"minecraft:leather_boots":1,"minecraft:crafting_table":5,"minecraft:mushroom_stew":1,"minecraft:apple":1,"minecraft:dark_oak_log":1,"minecraft:bread":31,"minecraft:iron_pickaxe":31,"minecraft:stone_axe":76,"minecraft:diamond_sword":308,"minecraft:cooked_porkchop":16,"minecraft:bucket":15,"minecraft:oak_boat":1,"minecraft:diamond_leggings":1,"minecraft:candle":3,"minecraft:experience_bottle":2},"minecraft:dropped":{"minecraft:wheat_seeds":6,"minecraft:cooked_porkchop":3,"minecraft:crossbow":1,"minecraft:iron_helmet":3,"minecraft:leather_helmet":1,"minecraft:red_mushroom":3,"minecraft:dirt":8,"tombstone:bag_of_seeds":2,"ars_nouveau:worn_notebook":2,"solo_leveling:battle_axe":1,"minecraft:smooth_quartz":2,"tombstone:grave_dust":4,"minecraft:string":8,"minecraft:pink_tulip":1,"minecraft:bone":10,"minecraft:bowl":2,"solo_leveling:magic_crystalll":1,"minecraft:rotten_flesh":93,"minecraft:light_gray_wool":1,"minecraft:iron_boots":1,"minecraft:light_gray_concrete":1,"minecraft:suspicious_stew":1,"minecraft:gunpowder":5,"minecraft:bundle":1,"minecraft:iron_chestplate":2,"minecraft:leather_boots":1,"minecraft:oak_sapling":3,"minecraft:leather_leggings":1,"minecraft:stone_bricks":2,"minecraft:spider_eye":3,"minecraft:spruce_log":6,"minecraft:iron_bars":1,"minecraft:arrow":19,"minecraft:wooden_pickaxe":1,"minecraft:stone_pickaxe":3,"minecraft:calcite":1,"solo_leveling:health_necklace":1,"minecraft:cooked_rabbit":3,"minecraft:written_book":1},"minecraft:killed_by":{"solo_leveling:hobgoblin_bomber":1,"solo_leveling:hobgoblin_club":1,"minecraft:player":3,"solo_leveling:hobgoblin_assassin":2,"minecraft:spider":1,"minecraft:vindicator":1,"solo_leveling:goblin":2,"solo_leveling:goblin_2":3,"minecraft:skeleton":4,"minecraft:zombie":3},"minecraft:crafted":{"minecraft:oak_planks":40,"minecraft:flint_and_steel":1,"minecraft:bow":2,"minecraft:leather":9,"minecraft:stone_pickaxe":2,"quark:spruce_chest":1,"sophisticatedbackpacks:iron_backpack":1,"sophisticatedbackpacks:backpack":1,"minecraft:crafting_table":1,"minecraft:spruce_planks":8,"minecraft:wooden_pickaxe":1,"sophisticatedbackpacks:gold_backpack":1,"minecraft:stone_axe":1,"minecraft:oak_boat":1,"minecraft:stick":16,"minecraft:iron_pickaxe":1},"minecraft:picked_up":{"minecraft:crafting_table":6,"minecraft:iron_chestplate":2,"minecraft:wheat":1,"minecraft:suspicious_stew":1,"minecraft:brown_mushroom":2,"minecraft:diamond_sword":1,"minecraft:cooked_rabbit":3,"minecraft:stone_brick_stairs":6,"minecraft:shield":1,"solo_leveling:magic_crystal":22,"minecraft:string":10,"quark:bonded_leather":1,"minecraft:cracked_stone_bricks":1,"minecraft:diamond_leggings":1,"minecraft:candle":3,"minecraft:beef":7,"minecraft:written_book":1,"minecraft:calcite":1,"minecraft:smooth_quartz":2,"minecraft:light_gray_wool":1,"supplementaries:cage":1,"minecraft:iron_boots":1,"minecraft:furnace":1,"minecraft:stick":2,"minecraft:acacia_log":26,"minecraft:torch":3,"minecraft:bowl":1,"minecraft:green_bed":1,"create:andesite_casing":1,"minecraft:spruce_fence":1,"minecraft:porkchop":1,"create:hand_crank":1,"tombstone:grave_dust":5,"minecraft:carrot":4,"minecraft:arrow":21,"minecraft:rotten_flesh":92,"solo_leveling:magic_crystalll":70,"ars_nouveau:worn_notebook":2,"minecraft:hay_block":4,"solo_leveling:rasaka_venom":1,"minecraft:pink_tulip":1,"sophisticatedbackpacks:copper_backpack":1,"create:red_seat":1,"minecraft:mutton":9,"minecraft:iron_bars":1,"minecraft:white_wool":6,"minecraft:cobblestone":26,"minecraft:cooked_beef":1,"minecraft:leather":3,"minecraft:red_mushroom":3,"minecraft:mushroom_stew":1,"minecraft:oak_log":10,"minecraft:gunpowder":5,"minecraft:dirt":11,"minecraft:lantern":1,"minecraft:cooked_mutton":3,"minecraft:bone":10,"minecraft:apple":8,"minecraft:stone_bricks":2,"minecraft:bow":3,"minecraft:wheat_seeds":6,"minecraft:iron_ingot":10,"minecraft:stone_pickaxe":1,"minecraft:cooked_chicken":1,"tombstone:bag_of_seeds":2,"minecraft:fletching_table":1,"minecraft:oak_planks":16,"create:black_seat":2,"create:mechanical_bearing":1,"minecraft:dark_oak_slab":1,"minecraft:cooked_porkchop":3,"minecraft:sweet_berries":23,"minecraft:red_wool":2,"quark:glass_item_frame":2,"minecraft:spruce_sapling":4,"minecraft:spruce_log":14,"minecraft:dark_oak_log":2,"minecraft:spider_eye":3,"minecraft:barrel":2,"minecraft:leather_helmet":1,"minecraft:bundle":1,"minecraft:light_gray_concrete":1,"solo_leveling:battle_axe":2,"minecraft:stone_axe":1,"minecraft:iron_helmet":2,"minecraft:crossbow":1,"minecraft:emerald":2,"minecraft:baked_potato":4,"tombstone:magic_scroll":1,"minecraft:oak_sapling":3,"minecraft:damaged_anvil":1},"minecraft:custom":{"minecraft:mob_kills":177,"minecraft:interact_with_crafting_table":11,"minecraft:open_barrel":46,"minecraft:bell_ring":16,"minecraft:leave_game":4,"minecraft:time_since_death":40098,"minecraft:climb_one_cm":12388,"minecraft:sprint_one_cm":389134,"minecraft:walk_one_cm":364536,"minecraft:drop":71,"minecraft:talked_to_villager":2,"minecraft:play_time":170110,"minecraft:deaths":21,"minecraft:sneak_time":1298,"minecraft:walk_under_water_one_cm":10305,"minecraft:jump":3083,"minecraft:walk_on_water_one_cm":14159,"minecraft:total_world_time":170110,"minecraft:interact_with_furnace":1,"tombstone:raider_killed":10,"minecraft:interact_with_grindstone":1,"minecraft:time_since_rest":39215,"minecraft:trigger_trapped_chest":3,"minecraft:damage_dealt":22323,"minecraft:player_kills":4,"minecraft:swim_one_cm":56677,"minecraft:fly_one_cm":602613,"minecraft:open_chest":41,"minecraft:crouch_one_cm":4085,"tombstone:undead_killed":53,"minecraft:fall_one_cm":66812},"minecraft:mined":{"minecraft:dark_oak_leaves":5,"minecraft:candle":1,"create:andesite_casing":1,"minecraft:dark_oak_log":2,"minecraft:acacia_log":28,"minecraft:spruce_fence":1,"minecraft:grass_block":3,"create:black_seat":2,"minecraft:spruce_leaves":28,"minecraft:spawner":10,"minecraft:large_fern":2,"minecraft:hay_block":4,"minecraft:tall_seagrass":1,"quark:bonded_leather":1,"minecraft:furnace":1,"minecraft:barrel":2,"minecraft:fire":1,"minecraft:fletching_table":1,"minecraft:mossy_stone_brick_stairs":1,"minecraft:iron_bars":2,"solo_leveling:magic_crystal":32,"create:red_seat":1,"minecraft:light_gray_concrete":2,"minecraft:stone":16,"minecraft:green_bed":1,"minecraft:crafting_table":6,"minecraft:calcite":1,"minecraft:tall_grass":6,"minecraft:oak_planks":1,"minecraft:damaged_anvil":1,"supplementaries:cage":1,"minecraft:dark_oak_slab":1,"minecraft:sweet_berry_bush":9,"minecraft:spruce_log":16,"minecraft:smooth_stone_slab":1,"minecraft:grass":31,"create:mechanical_bearing":1,"minecraft:oak_log":10,"minecraft:dirt":2,"minecraft:smooth_quartz":2,"minecraft:stone_bricks":2,"minecraft:oak_leaves":6,"minecraft:fern":3}},"DataVersion":3465}