{"stats":{"minecraft:picked_up":{"minecraft:birch_log":7,"minecraft:coarse_dirt":1,"minecraft:diamond_sword":2,"minecraft:cooked_rabbit":3,"minecraft:flint":2,"minecraft:stripped_spruce_wood":1,"minecraft:chain":5,"solo_leveling:magic_crystal":55,"minecraft:string":9,"minecraft:paper":3,"minecraft:armor_stand":1,"minecraft:bone":5,"minecraft:stone_bricks":1,"minecraft:bow":2,"minecraft:cracked_stone_bricks":1,"minecraft:red_sand":2,"minecraft:stone_pickaxe":2,"minecraft:mossy_stone_bricks":15,"quark:music_disc_chatter":1,"minecraft:stone_hoe":1,"minecraft:golden_helmet":2,"minecraft:dark_oak_sapling":1,"minecraft:stick":8,"minecraft:cooked_porkchop":3,"bygonenether:cobbled_blackstone":2,"minecraft:torch":1,"minecraft:spruce_fence":1,"minecraft:porkchop":2,"tombstone:grave_dust":2,"minecraft:redstone":1,"minecraft:light_gray_banner":1,"minecraft:spider_eye":2,"minecraft:leather_helmet":1,"solo_leveling:battle_axe":1,"minecraft:bundle":1,"minecraft:spruce_fence_gate":2,"minecraft:arrow":3,"minecraft:rotten_flesh":7,"minecraft:diamond":1,"minecraft:stone_axe":1,"solo_leveling:magic_crystalll":56,"minecraft:shears":1,"minecraft:diamond_axe":1,"minecraft:chainmail_helmet":1,"supplementaries:ash":1},"minecraft:mined":{"minecraft:red_wool":2,"minecraft:blackstone":2,"minecraft:red_sand":1,"minecraft:light_gray_wall_banner":1,"minecraft:spruce_fence":1,"minecraft:tall_grass":2,"ars_nouveau:sourceberry_bush":2,"minecraft:spawner":2,"minecraft:coarse_dirt":1,"minecraft:stripped_spruce_wood":1,"minecraft:birch_log":7,"minecraft:fire":3,"minecraft:white_carpet":1,"minecraft:grass":1,"solo_leveling:magic_crystal":54,"minecraft:cobweb":10,"minecraft:cracked_stone_bricks":1,"minecraft:stone_bricks":1,"minecraft:mossy_stone_bricks":3,"minecraft:oak_leaves":2},"minecraft:crafted":{"minecraft:wooden_sword":1,"minecraft:diamond_sword":1,"quark:birch_chest":1,"minecraft:birch_planks":28,"minecraft:iron_boots":1,"minecraft:iron_chestplate":1,"minecraft:stick":8},"minecraft:custom":{"minecraft:mob_kills":60,"minecraft:inspect_hopper":1,"tombstone:raider_killed":1,"minecraft:interact_with_crafting_table":10,"minecraft:open_barrel":21,"minecraft:leave_game":2,"minecraft:time_since_death":6909,"minecraft:climb_one_cm":6541,"minecraft:time_since_rest":6821,"minecraft:sprint_one_cm":240419,"minecraft:walk_one_cm":158482,"minecraft:drop":49,"minecraft:damage_dealt":7556,"minecraft:swim_one_cm":19737,"minecraft:fly_one_cm":316803,"minecraft:player_kills":4,"minecraft:open_chest":40,"minecraft:crouch_one_cm":355,"minecraft:play_time":65084,"tombstone:undead_killed":10,"minecraft:deaths":15,"minecraft:sneak_time":505,"minecraft:walk_under_water_one_cm":3206,"tombstone:tomb_raiding":1,"minecraft:jump":1455,"minecraft:walk_on_water_one_cm":4529,"minecraft:total_world_time":65084,"minecraft:fall_one_cm":26945},"minecraft:dropped":{"minecraft:stone_hoe":1,"minecraft:iron_ingot":9,"minecraft:golden_helmet":1,"minecraft:dark_oak_sapling":1,"minecraft:rotten_flesh":3,"minecraft:oak_planks":16,"solo_leveling:rasaka_venom":1,"minecraft:cracked_stone_bricks":1,"minecraft:chainmail_helmet":1,"minecraft:shears":1,"minecraft:leather_helmet":1,"minecraft:stick":8,"minecraft:diamond_sword":3,"ars_nouveau:worn_notebook":2,"supplementaries:ash":1,"solo_leveling:battle_axe":1,"minecraft:diamond_chestplate":1,"minecraft:mossy_stone_bricks":13,"tombstone:grave_dust":1,"minecraft:stone_bricks":1,"minecraft:bow":2,"minecraft:arrow":4,"minecraft:stone_pickaxe":1,"minecraft:stripped_spruce_wood":1,"minecraft:string":1,"minecraft:cooked_rabbit":3,"minecraft:lectern":1,"minecraft:bone":5},"minecraft:killed_by":{"minecraft:player":2,"solo_leveling:goblin":3,"solo_leveling:goblin_2":2,"minecraft:skeleton":4,"minecraft:zombie":4},"minecraft:used":{"quark:birch_chest":1,"minecraft:birch_planks":10,"minecraft:stone_pickaxe":68,"minecraft:golden_apple":1,"solo_leveling:reaper":49,"solo_leveling:rasaka_venom":37,"minecraft:diamond_sword":63,"minecraft:wooden_sword":16,"minecraft:porkchop":2,"minecraft:cooked_porkchop":14,"tombstone:gift":3,"minecraft:potato":4,"minecraft:coarse_dirt":1},"minecraft:killed":{"solo_leveling:giga_goblin":2,"minecraft:pig":1,"solo_leveling:goblin_2":14,"minecraft:vindicator":1,"minecraft:skeleton":1,"minecraft:zombie":9,"enemyexpansion:botfly":1,"ars_nouveau:whirlisprig":1,"solo_leveling:goblin":19}},"DataVersion":3465}