{"stats":{"minecraft:custom":{"minecraft:mob_kills":203,"minecraft:inspect_hopper":1,"minecraft:interact_with_crafting_table":15,"minecraft:open_barrel":50,"minecraft:eat_cake_slice":10,"minecraft:leave_game":3,"minecraft:time_since_death":4509,"minecraft:climb_one_cm":31803,"minecraft:sprint_one_cm":705759,"minecraft:walk_one_cm":559973,"minecraft:damage_blocked_by_shield":480,"minecraft:drop":194,"minecraft:play_time":175667,"minecraft:deaths":20,"minecraft:sneak_time":2370,"minecraft:walk_under_water_one_cm":12341,"tombstone:tomb_raiding":1,"minecraft:jump":3305,"minecraft:interact_with_blast_furnace":2,"minecraft:walk_on_water_one_cm":18866,"minecraft:total_world_time":175667,"minecraft:interact_with_furnace":1,"tombstone:raider_killed":2,"minecraft:tune_noteblock":4,"minecraft:sleep_in_bed":2,"minecraft:time_since_rest":3859,"minecraft:waystone_activated":1,"minecraft:damage_dealt":29424,"minecraft:player_kills":4,"minecraft:swim_one_cm":62099,"minecraft:fly_one_cm":634127,"minecraft:open_chest":73,"minecraft:crouch_one_cm":4434,"tombstone:undead_killed":65,"minecraft:interact_with_smoker":1,"minecraft:inspect_dispenser":3,"minecraft:fall_one_cm":76305},"minecraft:killed":{"solo_leveling:hobgoblin_club":1,"minecraft:witch":1,"minecraft:vindicator":1,"minecraft:cod":1,"enemyexpansion:direwolf":1,"minecraft:skeleton":27,"solo_leveling:hobgoblin_assassin":3,"solo_leveling:hobgoblin_bomber":4,"minecraft:magma_cube":1,"solo_leveling:giga_goblin":3,"minecraft:husk":16,"minecraft:pig":2,"solo_leveling:goblin_2":48,"minecraft:squid":1,"enemyexpansion:meature":1,"minecraft:zombie":19,"enemyexpansion:botfly":3,"enemyexpansion:huntsman":1,"ars_nouveau:whirlisprig":1,"solo_leveling:goblin":55,"minecraft:cow":1,"enemyexpansion:slugger":1},"minecraft:mined":{"minecraft:mossy_cobblestone":8,"minecraft:dark_oak_leaves":1,"minecraft:red_sand":1,"minecraft:allium":1,"minecraft:grass_block":2,"minecraft:spruce_fence":1,"minecraft:redstone_wire":1,"minecraft:spruce_leaves":2,"ars_nouveau:sourceberry_bush":2,"minecraft:kelp":1,"minecraft:spawner":11,"minecraft:large_fern":4,"minecraft:iron_ore":3,"minecraft:fire":8,"minecraft:barrel":2,"minecraft:dark_oak_stairs":1,"minecraft:iron_bars":1,"solo_leveling:magic_crystal":125,"minecraft:light_gray_concrete":8,"minecraft:stone":23,"minecraft:player_head":1,"minecraft:spruce_slab":1,"minecraft:tripwire":1,"quark:violet_corundum":6,"minecraft:brown_mushroom":1,"minecraft:red_wool":2,"minecraft:blackstone":2,"minecraft:kelp_plant":1,"minecraft:soul_fire":1,"minecraft:torch":12,"minecraft:light_gray_wall_banner":1,"minecraft:calcite":14,"minecraft:mushroom_stem":1,"minecraft:copper_ore":1,"minecraft:tall_grass":4,"minecraft:cobblestone":7,"minecraft:oak_planks":1,"minecraft:wall_torch":11,"minecraft:amethyst_block":2,"minecraft:spruce_stairs":1,"minecraft:coarse_dirt":1,"minecraft:stripped_spruce_wood":1,"minecraft:birch_log":8,"minecraft:sweet_berry_bush":5,"minecraft:white_carpet":1,"minecraft:stone_brick_stairs":2,"minecraft:grass":9,"minecraft:coal_ore":1,"minecraft:gravel":6,"minecraft:dirt":44,"minecraft:cobweb":10,"minecraft:cracked_stone_bricks":1,"minecraft:tripwire_hook":2,"minecraft:red_mushroom_block":53,"quark:crimson_chest":1,"minecraft:stone_bricks":2,"minecraft:mossy_stone_bricks":3,"quark:violet_corundum_cluster":5,"minecraft:oak_leaves":7,"minecraft:fern":2},"minecraft:killed_by":{"solo_leveling:hobgoblin_bomber":2,"minecraft:player":2,"solo_leveling:giga_goblin":1,"solo_leveling:goblin":3,"solo_leveling:goblin_2":2,"minecraft:skeleton":5,"minecraft:zombie":4},"minecraft:dropped":{"minecraft:stone_hoe":1,"minecraft:iron_ingot":9,"minecraft:dark_oak_stairs":1,"minecraft:brown_mushroom":1,"minecraft:porkchop":2,"minecraft:wheat_seeds":1,"minecraft:golden_helmet":1,"minecraft:mossy_cobblestone":6,"minecraft:glass_bottle":1,"minecraft:dark_oak_sapling":1,"minecraft:diamond_leggings":1,"minecraft:cobblestone":22,"minecraft:iron_helmet":2,"minecraft:amethyst_block":2,"minecraft:apple":1,"solo_leveling:rasaka_venom":1,"minecraft:cracked_stone_bricks":1,"minecraft:spruce_stairs":1,"minecraft:chainmail_helmet":1,"minecraft:leather_helmet":1,"minecraft:golden_apple":1,"minecraft:flint":8,"minecraft:stick":15,"minecraft:light_weighted_pressure_plate":1,"minecraft:spruce_fence_gate":2,"minecraft:gold_block":1,"minecraft:dirt":38,"ars_nouveau:worn_notebook":2,"minecraft:stone_button":1,"solo_leveling:battle_axe":2,"solo_leveling:reaper":1,"minecraft:fire_charge":1,"tombstone:grave_dust":10,"minecraft:gold_nugget":5,"minecraft:string":2,"minecraft:birch_log":1,"minecraft:tripwire_hook":1,"minecraft:spruce_sapling":1,"minecraft:gold_ingot":3,"minecraft:bone":26,"minecraft:redstone":1,"minecraft:gravel":5,"minecraft:stone_axe":1,"minecraft:iron_nugget":10,"minecraft:smooth_stone_slab":1,"minecraft:raw_copper":3,"minecraft:obsidian":1,"minecraft:experience_bottle":4,"minecraft:rotten_flesh":25,"minecraft:enchanted_golden_apple":1,"minecraft:oak_planks":16,"minecraft:iron_boots":2,"sophisticatedbackpacks:backpack":1,"minecraft:light_gray_concrete":8,"minecraft:shears":1,"minecraft:carrot":1,"minecraft:diamond_sword":4,"supplementaries:ash":1,"minecraft:potato":7,"minecraft:stone":1,"minecraft:shield":1,"minecraft:gunpowder":5,"minecraft:diamond_chestplate":1,"minecraft:allium":1,"minecraft:spruce_planks":12,"minecraft:iron_chestplate":2,"minecraft:mossy_stone_bricks":13,"minecraft:leather_leggings":1,"minecraft:spider_eye":2,"minecraft:stone_bricks":2,"minecraft:iron_bars":1,"minecraft:spruce_slab":1,"minecraft:bow":4,"minecraft:arrow":13,"minecraft:stone_pickaxe":1,"solo_leveling:health_necklace":1,"minecraft:calcite":27,"minecraft:stripped_spruce_wood":1,"minecraft:stone_brick_stairs":2,"minecraft:cooked_rabbit":3,"minecraft:lectern":1},"minecraft:crafted":{"minecraft:wooden_sword":1,"quark:birch_chest":1,"minecraft:iron_boots":1,"minecraft:diamond_sword":1,"minecraft:spruce_planks":24,"minecraft:birch_planks":28,"minecraft:iron_chestplate":1,"minecraft:stick":32,"minecraft:torch":8},"minecraft:broken":{"minecraft:stone_pickaxe":2},"minecraft:used":{"solo_leveling:iron_shield":6,"quark:birch_chest":1,"minecraft:flint_and_steel":1,"solo_leveling:battle_axe":2,"solo_leveling:dragon_armor_chestplate":1,"minecraft:torch":20,"minecraft:dirt":4,"solo_leveling:dragon_armor_leggings":1,"solo_leveling:rasaka_venom":37,"tombstone:gift":3,"minecraft:potato":38,"minecraft:cooked_mutton":1,"minecraft:birch_planks":10,"minecraft:bundle":1,"minecraft:stone_pickaxe":237,"minecraft:diamond_axe":75,"minecraft:golden_apple":2,"minecraft:mossy_cobblestone":2,"solo_leveling:reaper":362,"minecraft:apple":16,"minecraft:bread":10,"tombstone:magic_scroll":3,"minecraft:diamond_sword":63,"minecraft:wooden_sword":16,"minecraft:potion":1,"minecraft:porkchop":2,"minecraft:cooked_porkchop":19,"minecraft:coarse_dirt":1,"solo_leveling:dragon_armor_boots":1},"minecraft:picked_up":{"quark:crimson_chest":1,"minecraft:iron_chestplate":1,"minecraft:coarse_dirt":1,"minecraft:allium":1,"solo_leveling:reaper":1,"minecraft:leather_leggings":1,"minecraft:brown_mushroom":1,"minecraft:diamond_sword":2,"minecraft:gold_block":1,"minecraft:cooked_rabbit":3,"minecraft:potion":2,"minecraft:stone_brick_stairs":2,"minecraft:chain":5,"minecraft:amethyst_block":2,"minecraft:smooth_stone_slab":1,"solo_leveling:magic_crystal":132,"minecraft:string":10,"minecraft:raw_copper":3,"solo_leveling:health_necklace":2,"minecraft:flint_and_steel":2,"minecraft:armor_stand":1,"minecraft:experience_bottle":4,"minecraft:cracked_stone_bricks":1,"minecraft:red_sand":2,"minecraft:gold_nugget":20,"minecraft:light_weighted_pressure_plate":1,"minecraft:player_head":1,"minecraft:calcite":15,"minecraft:iron_nugget":10,"minecraft:spruce_slab":1,"minecraft:enchanted_golden_apple":1,"minecraft:iron_boots":1,"minecraft:golden_helmet":2,"minecraft:dark_oak_sapling":1,"minecraft:stick":8,"minecraft:raw_iron":3,"quark:violet_corundum":6,"bygonenether:cobbled_blackstone":2,"minecraft:torch":23,"sophisticatedbackpacks:backpack":2,"minecraft:spruce_stairs":1,"minecraft:spruce_fence":1,"minecraft:porkchop":4,"minecraft:fire_charge":1,"minecraft:stone_button":1,"tombstone:grave_dust":13,"minecraft:carrot":1,"minecraft:redstone":4,"minecraft:light_gray_banner":1,"minecraft:arrow":46,"minecraft:rotten_flesh":29,"solo_leveling:magic_crystalll":142,"minecraft:shears":1,"quark:violet_corundum_cluster":10,"minecraft:gold_ingot":3,"supplementaries:ash":1,"minecraft:obsidian":1,"minecraft:iron_bars":1,"minecraft:cobblestone":24,"minecraft:birch_log":8,"minecraft:tripwire_hook":1,"minecraft:potato":7,"minecraft:red_mushroom":3,"minecraft:flint":10,"minecraft:stripped_spruce_wood":1,"minecraft:paper":3,"minecraft:dirt":42,"minecraft:cooked_mutton":1,"minecraft:bone":31,"minecraft:apple":1,"minecraft:stone_bricks":2,"minecraft:bow":4,"minecraft:wheat_seeds":2,"minecraft:stone_pickaxe":3,"minecraft:mossy_stone_bricks":15,"minecraft:glass_bottle":1,"quark:music_disc_chatter":1,"minecraft:stone_hoe":1,"minecraft:dark_oak_stairs":1,"minecraft:cooked_porkchop":3,"minecraft:gravel":5,"minecraft:spruce_sapling":1,"minecraft:spruce_log":6,"minecraft:spider_eye":2,"minecraft:mossy_cobblestone":8,"minecraft:leather_helmet":1,"minecraft:light_gray_concrete":8,"minecraft:bundle":1,"minecraft:spruce_fence_gate":2,"minecraft:diamond":1,"solo_leveling:battle_axe":1,"minecraft:stone_axe":1,"minecraft:iron_helmet":1,"minecraft:diamond_axe":1,"minecraft:golden_apple":2,"minecraft:chainmail_helmet":1,"tombstone:magic_scroll":1}},"DataVersion":3465}