{"stats":{"minecraft:used":{"minecraft:dirt":3,"minecraft:sand":1},"minecraft:mined":{"minecraft:grass":9,"minecraft:grass_block":2,"minecraft:sand":2,"minecraft:sunflower":2,"minecraft:dirt":1},"minecraft:custom":{"minecraft:time_since_rest":1568,"minecraft:play_time":1568,"minecraft:sprint_one_cm":3220,"minecraft:damage_taken":20,"minecraft:walk_one_cm":2237,"minecraft:mob_kills":2,"minecraft:drop":6,"minecraft:jump":52,"minecraft:damage_dealt":180,"minecraft:leave_game":1,"minecraft:time_since_death":1568,"minecraft:total_world_time":1568,"minecraft:fall_one_cm":1031,"minecraft:fly_one_cm":7325},"minecraft:killed":{"minecraft:sheep":1,"minecraft:cow":1},"minecraft:picked_up":{"minecraft:wheat_seeds":2,"minecraft:beef":1,"minecraft:sand":1,"minecraft:mutton":1,"minecraft:dirt":3,"minecraft:white_wool":2,"minecraft:sunflower":2},"minecraft:dropped":{"minecraft:sunflower":2,"minecraft:wheat_seeds":2,"minecraft:beef":1,"minecraft:mutton":1,"minecraft:white_wool":1}},"DataVersion":3120}