{"stats":{"minecraft:picked_up":{"minecraft:book":15,"minecraft:leather_chestplate":1,"minecraft:suspicious_stew":1,"minecraft:torch":3,"minecraft:cooked_rabbit":3,"minecraft:stone_brick_stairs":1,"solo_leveling:magic_crystal":2,"tombstone:grave_dust":8,"minecraft:gunpowder":1,"minecraft:spider_eye":2,"minecraft:dirt":6,"minecraft:string":14,"minecraft:mossy_cobblestone":5,"minecraft:tnt":1,"minecraft:bundle":1,"minecraft:bone":9,"minecraft:arrow":8,"minecraft:rotten_flesh":36,"minecraft:diamond_chestplate":1,"quark:music_disc_ocean":1,"minecraft:stone_bricks":16,"solo_leveling:magic_crystalll":17,"minecraft:iron_ingot":1,"minecraft:bookshelf":1,"minecraft:iron_nugget":3,"minecraft:chest":2,"minecraft:spruce_trapdoor":3},"minecraft:mined":{"minecraft:tnt":1,"minecraft:grass":1,"minecraft:red_sand":1,"minecraft:grass_block":4,"minecraft:dirt":2,"minecraft:cobweb":1,"minecraft:spruce_leaves":1,"minecraft:large_fern":1},"minecraft:dropped":{"minecraft:filled_map":1,"ars_nouveau:worn_notebook":1,"minecraft:gunpowder":1,"minecraft:bowl":1,"minecraft:stone_brick_stairs":2},"minecraft:custom":{"minecraft:time_since_rest":7987,"minecraft:sprint_one_cm":223194,"minecraft:walk_one_cm":137228,"minecraft:mob_kills":45,"minecraft:drop":6,"minecraft:damage_dealt":7106,"minecraft:swim_one_cm":6205,"minecraft:fly_one_cm":230662,"minecraft:play_time":54280,"minecraft:open_barrel":1,"minecraft:open_chest":13,"minecraft:crouch_one_cm":742,"minecraft:sneak_time":353,"tombstone:undead_killed":19,"minecraft:deaths":13,"minecraft:walk_under_water_one_cm":829,"minecraft:jump":975,"minecraft:eat_cake_slice":4,"minecraft:leave_game":4,"minecraft:time_since_death":8243,"minecraft:walk_on_water_one_cm":3559,"minecraft:total_world_time":54280,"minecraft:climb_one_cm":2921,"minecraft:fall_one_cm":12633},"minecraft:killed_by":{"minecraft:player":4,"solo_leveling:goblin":1,"solo_leveling:giga_goblin":1,"solo_leveling:goblin_2":3,"minecraft:skeleton":1,"minecraft:zombie":3},"minecraft:used":{"solo_leveling:cleaver":1,"minecraft:leather_leggings":1,"minecraft:stone_sword":151,"minecraft:flint_and_steel":21,"minecraft:suspicious_stew":1,"minecraft:map":2,"minecraft:iron_helmet":1,"minecraft:spruce_trapdoor":3,"minecraft:iron_boots":1,"minecraft:mossy_cobblestone":6,"minecraft:diamond_chestplate":1,"minecraft:tnt":6,"minecraft:cooked_porkchop":7,"tombstone:gift":2,"minecraft:cooked_rabbit":3,"minecraft:experience_bottle":3},"minecraft:killed":{"minecraft:skeleton":8,"minecraft:zombie":11,"solo_leveling:goblin":7,"enemyexpansion:botfly":3,"minecraft:spider":3,"solo_leveling:goblin_2":10}},"DataVersion":3465}