{
  "ars_nouveau:root": {
    "criteria": {
      "ars_nouveau:worn_notebook": "2024-05-17 05:08:50 +0000"
    },
    "done": true
  },
  "create:root": {
    "criteria": {
      "0": "2024-05-17 05:08:50 +0000"
    },
    "done": true
  },
  "idas:idas_root": {
    "criteria": {
      "always": "2024-05-17 05:08:51 +0000"
    },
    "done": true
  },
  "minecraft:adventure/adventuring_time": {
    "criteria": {
      "minecraft:taiga": "2024-05-17 05:52:24 +0000",
      "minecraft:cherry_grove": "2024-05-18 06:11:55 +0000",
      "minecraft:bamboo_jungle": "2024-05-18 05:36:41 +0000",
      "minecraft:beach": "2024-05-18 04:51:45 +0000",
      "minecraft:dark_forest": "2024-05-17 06:04:16 +0000",
      "minecraft:river": "2024-05-17 06:05:08 +0000",
      "minecraft:dripstone_caves": "2024-05-17 05:37:20 +0000",
      "minecraft:swamp": "2024-05-17 05:33:20 +0000",
      "minecraft:forest": "2024-05-17 05:08:51 +0000",
      "minecraft:desert": "2024-05-18 05:37:50 +0000",
      "minecraft:ocean": "2024-05-18 04:51:31 +0000",
      "minecraft:old_growth_spruce_taiga": "2024-05-17 06:05:32 +0000",
      "minecraft:meadow": "2024-05-17 05:09:52 +0000",
      "minecraft:plains": "2024-05-18 06:25:59 +0000"
    },
    "done": false
  },
  "dungeons_arise:wda_root": {
    "criteria": {
      "WDA": "2024-05-17 05:08:51 +0000"
    },
    "done": true
  },
  "tombstone:adventure/root": {
    "criteria": {
      "auto": "2024-05-17 05:08:51 +0000"
    },
    "done": true
  },
  "cataclysm:root": {
    "criteria": {
      "custom_test_name": "2024-05-17 05:08:51 +0000"
    },
    "done": true
  },
  "minecraft:adventure/root": {
    "criteria": {
      "killed_by_something": "2024-05-17 05:09:19 +0000"
    },
    "done": true
  },
  "tombstone:adventure/first_grave": {
    "criteria": {
      "coded_trigger": "2024-05-17 05:09:19 +0000"
    },
    "done": true
  },
  "tombstone:recipes/from_grave_key": {
    "criteria": {
      "has_ingredient": "2024-05-17 05:09:21 +0000"
    },
    "done": true
  },
  "tombstone:adventure/first_knowledge": {
    "criteria": {
      "coded_trigger": "2024-05-17 05:10:32 +0000"
    },
    "done": true
  },
  "tombstone:adventure/funeral_theft": {
    "criteria": {
      "coded_trigger": "2024-05-17 05:10:32 +0000"
    },
    "done": true
  },
  "minecraft:adventure/kill_all_mobs": {
    "criteria": {
      "minecraft:skeleton": "2024-05-17 05:24:15 +0000",
      "minecraft:vindicator": "2024-05-17 05:18:43 +0000",
      "minecraft:magma_cube": "2024-05-18 06:15:21 +0000",
      "minecraft:spider": "2024-05-17 05:28:55 +0000",
      "minecraft:witch": "2024-05-18 06:12:09 +0000",
      "minecraft:husk": "2024-05-18 04:56:55 +0000",
      "minecraft:zombie": "2024-05-17 05:10:52 +0000"
    },
    "done": false
  },
  "minecraft:adventure/kill_a_mob": {
    "criteria": {
      "minecraft:zombie": "2024-05-17 05:10:52 +0000"
    },
    "done": true
  },
  "tombstone:recipes/from_grave_dust": {
    "criteria": {
      "has_ingredient": "2024-05-17 05:10:59 +0000"
    },
    "done": true
  },
  "minecraft:story/upgrade_tools": {
    "criteria": {
      "stone_pickaxe": "2024-05-17 05:15:48 +0000"
    },
    "done": true
  },
  "dungeons_enhanced:ambitious_explorer": {
    "criteria": {
      "entered_castle": "2024-05-17 05:20:43 +0000",
      "entered_ruined_building": "2024-05-17 05:16:01 +0000"
    },
    "done": false
  },
  "dungeons_enhanced:root": {
    "criteria": {
      "entered_ruined_building": "2024-05-17 05:16:01 +0000"
    },
    "done": true
  },
  "minecraft:story/smelt_iron": {
    "criteria": {
      "iron": "2024-05-17 05:16:33 +0000"
    },
    "done": true
  },
  "tombstone:adventure/ambush": {
    "criteria": {
      "coded_trigger": "2024-05-17 05:18:43 +0000"
    },
    "done": true
  },
  "minecraft:husbandry/balanced_diet": {
    "criteria": {
      "cooked_porkchop": "2024-05-17 05:43:41 +0000",
      "cooked_mutton": "2024-05-18 05:06:55 +0000",
      "porkchop": "2024-05-17 05:58:21 +0000",
      "apple": "2024-05-18 05:40:17 +0000",
      "potato": "2024-05-17 05:20:04 +0000",
      "golden_apple": "2024-05-17 05:29:24 +0000",
      "bread": "2024-05-18 04:51:16 +0000"
    },
    "done": false
  },
  "minecraft:husbandry/root": {
    "criteria": {
      "consumed_item": "2024-05-17 05:20:04 +0000"
    },
    "done": true
  },
  "minecraft:story/mine_stone": {
    "criteria": {
      "get_stone": "2024-05-17 05:20:31 +0000"
    },
    "done": true
  },
  "dungeons_enhanced:wars_and_kingdoms": {
    "criteria": {
      "entered_castle": "2024-05-17 05:20:43 +0000"
    },
    "done": true
  },
  "dungeons_enhanced:seven_world_wonders": {
    "criteria": {
      "entered_castle": "2024-05-17 05:20:43 +0000"
    },
    "done": false
  },
  "minecraft:story/shiny_gear": {
    "criteria": {
      "diamond_chestplate": "2024-05-17 05:20:58 +0000"
    },
    "done": true
  },
  "tombstone:adventure/cancel_ghostly_shape": {
    "criteria": {
      "coded_trigger": "2024-05-17 05:21:14 +0000"
    },
    "done": true
  },
  "minecraft:story/mine_diamond": {
    "criteria": {
      "diamond": "2024-05-17 05:21:23 +0000"
    },
    "done": true
  },
  "tombstone:adventure/chain_death": {
    "criteria": {
      "coded_trigger": "2024-05-17 05:21:26 +0000"
    },
    "done": true
  },
  "minecraft:story/obtain_armor": {
    "criteria": {
      "iron_helmet": "2024-05-17 05:26:00 +0000"
    },
    "done": true
  },
  "tombstone:adventure/find_grave_dust": {
    "criteria": {
      "from_undead": "2024-05-17 05:29:33 +0000"
    },
    "done": true
  },
  "tombstone:adventure/ashes_and_bones": {
    "criteria": {
      "coded_trigger": "2024-05-17 05:29:42 +0000"
    },
    "done": true
  },
  "tombstone:adventure/choose_knowledge": {
    "criteria": {
      "coded_trigger": "2024-05-17 05:34:39 +0000"
    },
    "done": true
  },
  "minecraft:adventure/sleep_in_bed": {
    "criteria": {
      "slept_in_bed": "2024-05-18 04:42:25 +0000"
    },
    "done": true
  },
  "enemyexpansion:hunted": {
    "criteria": {
      "hunted_0": "2024-05-18 04:48:51 +0000"
    },
    "done": true
  },
  "dungeons_arise:find_lighthouse": {
    "criteria": {
      "location0": "2024-05-18 04:49:32 +0000"
    },
    "done": true
  },
  "dungeons_arise:find_bathhouse": {
    "criteria": {
      "location0": "2024-05-18 04:55:23 +0000"
    },
    "done": true
  },
  "minecraft:story/form_obsidian": {
    "criteria": {
      "obsidian": "2024-05-18 04:55:52 +0000"
    },
    "done": true
  },
  "minecraft:adventure/shoot_arrow": {
    "criteria": {
      "shot_arrow": "2024-05-18 05:00:37 +0000"
    },
    "done": true
  },
  "tombstone:adventure/teleport_to_grave": {
    "criteria": {
      "coded_trigger": "2024-05-18 06:24:43 +0000"
    },
    "done": true
  },
  "tombstone:adventure/bone_crusher": {
    "criteria": {
      "coded_trigger": "2024-05-18 06:15:47 +0000"
    },
    "done": true
  },
  "tombstone:adventure/enchant_grave_key": {
    "criteria": {
      "has_upgraded_grave_key": "2024-05-18 06:24:22 +0000"
    },
    "done": true
  },
  "dungeons_arise:find_small_blimp": {
    "criteria": {
      "location0": "2024-05-18 06:13:05 +0000"
    },
    "done": true
  },
  "quark:get_all_corundum": {
    "criteria": {
      "violet": "2024-05-18 06:29:43 +0000"
    },
    "done": false
  },
  "DataVersion": 3465
}