{
  "bunker_down:first_joined_world": {
    "criteria": {
      "first_joined_world": "2024-05-16 04:44:52 +0000"
    },
    "done": true
  },
  "parcool:grant_parcool_guide": {
    "criteria": {
      "tick": "2024-05-16 04:44:51 +0000"
    },
    "done": true
  },
  "minecraft:adventure/adventuring_time": {
    "criteria": {
      "minecraft:sunflower_plains": "2024-05-16 04:44:53 +0000",
      "minecraft:ocean": "2024-05-16 04:44:56 +0000"
    },
    "done": false
  },
  "DataVersion": 3120
}